Workbook

Sheet Legenda
A1: HPHP — Fase A — Guideline Evaluation Checklist
A2: Tool valutati: CUPweb / app ER Salute (client tool) e MioDottore (competitor tool)
A4: Metodologia
A5: Checklist basata sulle 9 categorie delle User Focus Guidelines di David Travis (www.userfocus.co.uk/resources/guidelines.html): Usabilità della home page, Orientamento al compito, Navigazione e architettura dell'informazione, Moduli e inserimento dati, Fiducia e credibilità, Qualità della scrittura e dei contenuti, Impaginazione e design visivo, Usabilità della ricerca, Aiuto/feedback/tolleranza agli errori.
A6: Questo file contiene un sottoinsieme rappresentativo di 90 guideline (10 per categoria) riformulate in italiano, su un totale ufficiale di 247. Per la checklist completa in inglese scaricabile come foglio Excel, fate riferimento al link ufficiale sopra indicato, come suggerito dalla card del corso.
A8: Legenda dei giudizi
A9: Conforme — il sito/app rispetta pienamente la guideline (evidenza diretta osservata)
A10: Parzialmente conforme — rispetta la guideline solo in parte, o solo in alcuni punti del sito
A11: Non conforme — la guideline non è rispettata (evidenza diretta osservata o segnalata da utenti reali)
A12: Non verificato — non ispezionabile durante l'expert review (richiedeva accesso autenticato) e non coperto dai 3 task specifici dello User Testing preliminare (Documenti 06a/06b); alcune voci sono state risolte dove i test lo permettevano, le restanti richiedono un'ispezione dedicata nelle fasi successive
A13: N/A — la guideline non è applicabile al tipo di sito/task in oggetto
A15: Fonti
... A19: Giustificare sempre i giudizi diversi da 'Conforme', come richiesto dalla card del corso (colonna Note/Evidenza). Per i problemi più gravi, allegare screenshot nel materiale supplementare.

Sheet Riepilogo
A1: Riepilogo per categoria
A3: Categoria | B3: CUPweb: Conforme | C3: CUPweb: Parziale | D3: CUPweb: Non conforme | E3: MioDottore: Conforme | F3: MioDottore: Parziale | G3: MioDottore: Non conforme
A4: Usabilità della home page | B4: =COUNTIF('Guideline Checklist'!D2:D11,"Conforme") | C4: =COUNTIF('Guideline Checklist'!D2:D11,"Parzialmente conforme") | D4: =COUNTIF('Guideline Checklist'!D2:D11,"Non conforme") | E4: =COUNTIF('Guideline Checklist'!F2:F11,"Conforme") | F4: =COUNTIF('Guideline Checklist'!F2:F11,"Parzialmente conforme") | G4: =COUNTIF('Guideline Checklist'!F2:F11,"Non conforme")
A5: Orientamento al compito | B5: =COUNTIF('Guideline Checklist'!D12:D21,"Conforme") | C5: =COUNTIF('Guideline Checklist'!D12:D21,"Parzialmente conforme") | D5: =COUNTIF('Guideline Checklist'!D12:D21,"Non conforme") | E5: =COUNTIF('Guideline Checklist'!F12:F21,"Conforme") | F5: =COUNTIF('Guideline Checklist'!F12:F21,"Parzialmente conforme") | G5: =COUNTIF('Guideline Checklist'!F12:F21,"Non conforme")
A6: Navigazione e architettura dell'informazione | B6: =COUNTIF('Guideline Checklist'!D22:D31,"Conforme") | C6: =COUNTIF('Guideline Checklist'!D22:D31,"Parzialmente conforme") | D6: =COUNTIF('Guideline Checklist'!D22:D31,"Non conforme") | E6: =COUNTIF('Guideline Checklist'!F22:F31,"Conforme") | F6: =COUNTIF('Guideline Checklist'!F22:F31,"Parzialmente conforme") | G6: =COUNTIF('Guideline Checklist'!F22:F31,"Non conforme")
A7: Moduli e inserimento dati | B7: =COUNTIF('Guideline Checklist'!D32:D41,"Conforme") | C7: =COUNTIF('Guideline Checklist'!D32:D41,"Parzialmente conforme") | D7: =COUNTIF('Guideline Checklist'!D32:D41,"Non conforme") | E7: =COUNTIF('Guideline Checklist'!F32:F41,"Conforme") | F7: =COUNTIF('Guideline Checklist'!F32:F41,"Parzialmente conforme") | G7: =COUNTIF('Guideline Checklist'!F32:F41,"Non conforme")
A8: Fiducia e credibilità | B8: =COUNTIF('Guideline Checklist'!D42:D51,"Conforme") | C8: =COUNTIF('Guideline Checklist'!D42:D51,"Parzialmente conforme") | D8: =COUNTIF('Guideline Checklist'!D42:D51,"Non conforme") | E8: =COUNTIF('Guideline Checklist'!F42:F51,"Conforme") | F8: =COUNTIF('Guideline Checklist'!F42:F51,"Parzialmente conforme") | G8: =COUNTIF('Guideline Checklist'!F42:F51,"Non conforme")
A9: Qualità della scrittura e dei contenuti | B9: =COUNTIF('Guideline Checklist'!D52:D61,"Conforme") | C9: =COUNTIF('Guideline Checklist'!D52:D61,"Parzialmente conforme") | D9: =COUNTIF('Guideline Checklist'!D52:D61,"Non conforme") | E9: =COUNTIF('Guideline Checklist'!F52:F61,"Conforme") | F9: =COUNTIF('Guideline Checklist'!F52:F61,"Parzialmente conforme") | G9: =COUNTIF('Guideline Checklist'!F52:F61,"Non conforme")
A10: Impaginazione e design visivo | B10: =COUNTIF('Guideline Checklist'!D62:D71,"Conforme") | C10: =COUNTIF('Guideline Checklist'!D62:D71,"Parzialmente conforme") | D10: =COUNTIF('Guideline Checklist'!D62:D71,"Non conforme") | E10: =COUNTIF('Guideline Checklist'!F62:F71,"Conforme") | F10: =COUNTIF('Guideline Checklist'!F62:F71,"Parzialmente conforme") | G10: =COUNTIF('Guideline Checklist'!F62:F71,"Non conforme")
A11: Usabilità della ricerca | B11: =COUNTIF('Guideline Checklist'!D72:D79,"Conforme") | C11: =COUNTIF('Guideline Checklist'!D72:D79,"Parzialmente conforme") | D11: =COUNTIF('Guideline Checklist'!D72:D79,"Non conforme") | E11: =COUNTIF('Guideline Checklist'!F72:F79,"Conforme") | F11: =COUNTIF('Guideline Checklist'!F72:F79,"Parzialmente conforme") | G11: =COUNTIF('Guideline Checklist'!F72:F79,"Non conforme")
A12: Aiuto, feedback e tolleranza agli errori | B12: =COUNTIF('Guideline Checklist'!D80:D89,"Conforme") | C12: =COUNTIF('Guideline Checklist'!D80:D89,"Parzialmente conforme") | D12: =COUNTIF('Guideline Checklist'!D80:D89,"Non conforme") | E12: =COUNTIF('Guideline Checklist'!F80:F89,"Conforme") | F12: =COUNTIF('Guideline Checklist'!F80:F89,"Parzialmente conforme") | G12: =COUNTIF('Guideline Checklist'!F80:F89,"Non conforme")
A13: TOTALE | B13: =SUM(B4:B12) | C13: =SUM(C4:C12) | D13: =SUM(D4:D12) | E13: =SUM(E4:E12) | F13: =SUM(F4:F12) | G13: =SUM(G4:G12)

Sheet Guideline Checklist
A1: Categoria | B1: # | C1: Guideline | D1: CUPweb — Giudizio | E1: CUPweb — Note/Evidenza | F1: MioDottore — Giudizio | G1: MioDottore — Note/Evidenza
A2: Usabilità della home page | B2: 1 | C2: La pagina iniziale comunica chiaramente cosa offre il sito e a chi si rivolge (value proposition) | D2: Parzialmente conforme | E2: La home comunica lo scopo ma non un vero value proposition orientato all'utente anziano; testo denso, nessuna spiegazione 'a chi serve' | F2: Conforme | G2: Value proposition chiara: 'Cerca tra 200.000 dottori... prenota ora una visita online'
A3: Usabilità della home page | B3: 2 | C3: Sono presenti contenuti reali del sito, non immagini decorative generiche | D3: Non verificato | E3: Elemento non ispezionabile senza credenziali SPID/CIE reali; da verificare nello User Testing | F3: Non verificato | G3: Elemento non ispezionabile in profondità senza un account attivo; da verificare nello User Testing
A4: Usabilità della home page | B4: 3 | C4: Le aree di navigazione principali sono visivamente distinte da spazi pubblicitari/promozionali | D4: Non conforme | E4: I link 'Disdici/Prenota/Paga/Informazioni' sono indistinguibili graficamente da normali link testuali | F4: Non verificato | G4: Elemento non ispezionabile in profondità senza un account attivo; da verificare nello User Testing
A5: Usabilità della home page | B5: 4 | C5: Le voci di menu sono ordinate secondo la logica dei compiti dell'utente, non della struttura interna del cliente | D5: Non verificato | E5: Elemento non ispezionabile senza credenziali SPID/CIE reali; da verificare nello User Testing | F5: Non verificato | G5: Elemento non ispezionabile in profondità senza un account attivo; da verificare nello User Testing
A6: Usabilità della home page | B6: 5 | C6: È presente una casella di ricerca visibile, se il sito è ampio | D6: Non verificato | E6: Elemento non ispezionabile senza credenziali SPID/CIE reali; da verificare nello User Testing | F6: Non verificato | G6: Elemento non ispezionabile in profondità senza un account attivo; da verificare nello User Testing
A7: Usabilità della home page | B7: 6 | C7: Le categorie principali di servizio sono visibili e riconoscibili a colpo d'occhio | D7: Conforme | E7: Le macro-categorie di servizio (Prenota, Disdici, Paga) sono elencate in home | F7: Non verificato | G7: Elemento non ispezionabile in profondità senza un account attivo; da verificare nello User Testing
A8: Usabilità della home page | B8: 7 | C8: Il contenuto utile è raggiungibile entro un click dalla home | D8: Non verificato | E8: Elemento non ispezionabile senza credenziali SPID/CIE reali; da verificare nello User Testing | F8: Non verificato | G8: Elemento non ispezionabile in profondità senza un account attivo; da verificare nello User Testing
A9: Usabilità della home page | B9: 8 | C9: La pagina iniziale mostra esempi concreti/reali di cosa si può fare sul sito | D9: Non verificato | E9: Elemento non ispezionabile senza credenziali SPID/CIE reali; da verificare nello User Testing | F9: Conforme | G9: Recensioni reali di pazienti mostrate direttamente in home page
A10: Usabilità della home page | B10: 9 | C10: Le etichette dei link iniziano con la parola chiave più importante | D10: Non verificato | E10: Elemento non ispezionabile senza credenziali SPID/CIE reali; da verificare nello User Testing | F10: Non verificato | G10: Elemento non ispezionabile in profondità senza un account attivo; da verificare nello User Testing
A11: Usabilità della home page | B11: 10 | C11: È presente una sintesi di novità/aggiornamenti recenti, con archivio | D11: Non verificato | E11: Elemento non ispezionabile senza credenziali SPID/CIE reali; da verificare nello User Testing | F11: Non verificato | G11: Elemento non ispezionabile in profondità senza un account attivo; da verificare nello User Testing
A12: Orientamento al compito | B12: 1 | C12: Il sito è privo di elementi distraenti non necessari al completamento del task | D12: Non verificato | E12: Elemento non ispezionabile senza credenziali SPID/CIE reali; da verificare nello User Testing | F12: Non verificato | G12: Elemento non ispezionabile in profondità senza un account attivo; da verificare nello User Testing
A13: Orientamento al compito | B13: 2 | C13: Non c'è uso eccessivo di animazioni, popup o elementi che rallentano il compito | D13: Non verificato | E13: Elemento non ispezionabile senza credenziali SPID/CIE reali; da verificare nello User Testing | F13: Non verificato | G13: Elemento non ispezionabile in profondità senza un account attivo; da verificare nello User Testing
... A89: Aiuto, feedback e tolleranza agli errori | B89: 10 | C89: L'utente non deve consultare manuali esterni per usare il sito | D89: Non verificato | E89: Elemento non ispezionabile senza credenziali SPID/CIE reali; da verificare nello User Testing | F89: Non verificato | G89: Elemento non ispezionabile in profondità senza un account attivo; da verificare nello User Testing
